{"verdant-mire":[[0.4358737552956035,0.8280305546092643],[0.4173757892363906,0.7441731147859826],[0.396411427702616,0.7010111972298816],[0.35571590237234757,0.6467505008736405],[0.30885438835567486,0.6825132325629812],[0.28172403813549596,0.7232087548301621],[0.25212729244075527,0.7885682299865435],[0.2114317671104869,0.8132321828757441],[0.19663339426311655,0.8711924721653653],[0.2718584562372491,0.8921568321211858],[0.3544827046350667,0.9291527614549866],[0.3840794503298074,0.9303859590994465],[0.39887782317717774,0.8822912509655055],[0.41614259149910976,0.8502281122095449]],"blooming-reach":[[0.4395733485074461,0.809532589942364],[0.4173757892363906,0.7417067194970625],[0.3791466593806839,0.672647651407301],[0.35571590237234757,0.6442841055847204],[0.396411427702616,0.6294857338512001],[0.4235417779227949,0.5949561998063193],[0.46053771004122074,0.5653594563392786],[0.511098817269736,0.5517942822502184],[0.5604267267609705,0.5665926539837387],[0.6208534158877327,0.5850906186506392],[0.6479837661079115,0.6196201526955198],[0.6381181842096647,0.6516832914514805],[0.5974226588793963,0.7269083477635422],[0.5702923086592173,0.7873350323420835],[0.565359517710094,0.8181649734535842],[0.529596783328949,0.811998985231284],[0.5073992240578935,0.7762362535419433],[0.46423730325306334,0.7873350323420835]],"sunscorch-expanse":[[0.5702923086592173,0.8292637522537244],[0.5875570769811495,0.7725366606085632],[0.6122210317267666,0.715809568963402],[0.6393513819469455,0.6812800349185212],[0.6689481276416862,0.6529164890959406],[0.7293748167684484,0.6923788137186614],[0.7589715624631891,0.7737698582530232],[0.7774695285224019,0.8267973569648044],[0.8009002855307383,0.8563941004318449],[0.7873351104206489,0.9094215991436261],[0.7182760371329207,0.9131211920770063],[0.6837465004890565,0.9131211920770063],[0.6344185909978222,0.9439511331885069],[0.6109878339894858,0.9390183426106667],[0.61715382267589,0.8921568321211858],[0.6011222520912388,0.8625600886541451],[0.5887902747184303,0.8304969498981845]],"emerald-canopy":[[0.19293380105127397,0.8748920650987454],[0.13743990287363525,0.8970896226990258],[0.08811199338240082,0.8983228203434859],[0.11524234360257975,0.8243309616758843],[0.11770873907714147,0.766370672386263],[0.10784315717889459,0.673880849051761],[0.16826984630565675,0.6973116042965015],[0.2114317671104869,0.7330743359858423],[0.2508940947034744,0.7824022417642433],[0.21019856937320602,0.809532589942364]],"gloomwater-marsh":[[0.2508940947034744,0.7787026488308633],[0.21513136032232946,0.720742359541242],[0.1855346146275888,0.6948452090075815],[0.11277594812801803,0.6714144537628409],[0.11524234360257975,0.581391025717259],[0.12510792550082664,0.5160315505608776],[0.14607228703460126,0.4654704471380165],[0.16210385761925244,0.5406955034500781],[0.18800101010215053,0.5678258516281988],[0.2792576426609342,0.63071893149566],[0.29405601550830457,0.6640152678960808],[0.3051547951438323,0.6886792207852813],[0.28172403813549596,0.718275964252322]],"frostpeak-range":[[0.3051547951438323,0.6800468372740611],[0.27309165397452995,0.62455294327336],[0.20649897616136345,0.578924630428339],[0.17196943951749935,0.5443950963834582],[0.148538682509163,0.4654704471380165],[0.19293380105127397,0.40997655313731535],[0.23116293090698065,0.3791466120258147],[0.2681588630254065,0.35448265913661414],[0.2718584562372491,0.4371069013154359],[0.30762119061839405,0.530829922294398],[0.3273523544148878,0.5875570139395592],[0.34708351821138156,0.6467505008736405]],"canopy-heights":[[0.09181158659424339,0.9020224132768659],[0.03015169973020036,0.9229867732326864],[0.0042545472473022854,0.9377851449662068],[0.0017881517727405644,0.8058329970089839],[0.11030955265345631,0.8243309616758843],[0.10660995944161372,0.8502281122095449]],"mossy-ruins":[[0.11154275039073716,0.8230977640314242],[0.0030213495100214253,0.8033666017200638],[0.0030213495100214253,0.720742359541242],[0.12140833228898405,0.765137474741803]],"tangled-roots":[[0.11894193681442233,0.7626710794528829],[0.0017881517727405644,0.7232087548301621],[0.0017881517727405644,0.6085213738953796],[0.10660995944161372,0.6714144537628409]],"glowing-bog":[[0.11030955265345631,0.670181256118381],[0.0017881517727405644,0.6072881762509196],[0.0030213495100214253,0.49506719060505716],[0.11277594812801803,0.5665926539837387]],"sunken-grove":[[0.11524234360257975,0.5702922469171188],[0.0042545472473022854,0.49383399296059716],[0.0005549540354597037,0.4186089366485355],[0.07084722506046877,0.45807126127125636],[0.1263411232381075,0.5123319576274975]],"reed-maze":[[0.12757432097538834,0.5098655623385775],[0.0572820499503793,0.4457392848266561],[0.0042545472473022854,0.4161425413596155],[0.0030213495100214253,0.3335182991807937],[0.07331362053503049,0.3618818450033743],[0.11030955265345631,0.4050437625594752],[0.1510050779837247,0.4617708542046364]],"icy-peaks":[[0.0030213495100214253,0.03631766686592724],[0.04248367710300897,0.0856455726443283],[0.05974844542494102,0.10044394437784862],[0.09427798206880512,0.12387469962258914],[0.104143563967052,0.1263410949115092],[0.12264153002626492,0.15593783837854983],[0.14360589156003956,0.13867307135610946],[0.17196943951749935,0.1781353959788303],[0.20526577842408258,0.20403254651249086],[0.20279938294952085,0.21143173237925103],[0.16457025309381418,0.2151313253126311],[0.11647554133986061,0.21636452295709113],[0.07578001600959221,0.22129731353493123],[0.05234925900125585,0.19909975593465076],[0.0017881517727405644,0.18430138420113043]],"frozen-lake":[[0.104143563967052,0.22129731353493123],[0.09427798206880512,0.2422616734907517],[0.11030955265345631,0.2644592310910322],[0.1510050779837247,0.2854235910468526],[0.1732026372547802,0.30515475335821307],[0.21883095353417206,0.3162535321583533],[0.25582688565259787,0.2940559745580728],[0.2718584562372491,0.28049080046901254],[0.254593687915317,0.24596126642413177],[0.2138981625850486,0.21266493002371106],[0.1423726938227587,0.22499690646831133]],"steam-geysers":[[0.1608706598819716,0.30515475335821307],[0.12264153002626492,0.27185841695779234],[0.10167716849249028,0.25952644051319207],[0.08811199338240082,0.2385620805573716],[0.07701321374687307,0.2200641158904712],[0.04001728162844725,0.2003329535791108],[0.015353326882830032,0.18800097713451053],[0.0017881517727405644,0.18923417477897056],[0.0030213495100214253,0.3150203345138933],[0.005487744984583147,0.3310519038918736],[0.05974844542494102,0.3446170779809339],[0.10784315717889459,0.348316670914314],[0.14113949608547782,0.3335182991807937]],"twilight-thicket":[[0.352016309160505,0.6393513150068802],[0.3150203770420792,0.5419287010945382],[0.2804908403982151,0.4605376565601764],[0.2681588630254065,0.3532494614921541],[0.34215072726225815,0.2965223698469929],[0.40381061412630115,0.27679120753563247],[0.4087434050754246,0.3581822520699942],[0.42970776660919924,0.440806494248816],[0.44203974398200785,0.5221975387831778],[0.449438930405693,0.5641262586948187],[0.40751020733814375,0.6023553856730794],[0.40011102091445855,0.62825253620674]],"petal-gardens":[[0.40381061412630115,0.2792576028245525],[0.4099766028127055,0.35448265913661414],[0.4395733485074461,0.4815020165159969],[0.45067212814297386,0.5690590492726587],[0.50246643310877,0.5542606775391384],[0.5567271335491278,0.5641262586948187],[0.5628931222355322,0.49383399296059716],[0.5517943426000045,0.4358737036709759],[0.5517943426000045,0.3310519038918736],[0.57399190187106,0.26815882402441227],[0.4839684670495571,0.2644592310910322]],